Env,ground_speed
0.0,0.0042666574
0.0,29.90963
0.0,53.676495
0.0,513.3997
0.0,13024.442
0.0,1270025.0
0.0,109106070000.0
0.0,27.152079
